{
	"class_name" : "ViewTrajectory",
	"interval" : 29,
	"is_loop" : false,
	"trajectory" : 
	[
		{
			"boundingbox_max" : [ 63.636856079101562, 36.650096893310547, 38.533363342285156 ],
			"boundingbox_min" : [ -6.1343708038330078, 5.9874696731567383, -18.551794052124023 ],
			"field_of_view" : 10.0,
			"front" : [ -0.21220758648619742, 0.53266294919524315, 0.81929123197574194 ],
			"lookat" : [ -0.53711820195899707, 6.6783313032776137, 9.6699535160321286 ],
			"up" : [ -0.0080905016853182726, 0.83739942636006293, -0.54653155857124769 ],
			"zoom" : 0.27999999999999958
		}
	],
	"version_major" : 1,
	"version_minor" : 0
}