{
	"class_name" : "ViewTrajectory",
	"interval" : 29,
	"is_loop" : false,
	"trajectory" : 
	[
		{
			"boundingbox_max" : [ 63.636856079101562, 36.650096893310547, 38.533363342285156 ],
			"boundingbox_min" : [ -6.1343708038330078, 5.9874696731567383, -18.551794052124023 ],
			"field_of_view" : 10.0,
			"front" : [ -0.079486329992534924, 0.24052535261900204, 0.96738279811655881 ],
			"lookat" : [ 26.292679503947365, 21.363849228630283, 9.7775684669958132 ],
			"up" : [ -0.14066066977691302, 0.9580370034868847, -0.24975923592087904 ],
			"zoom" : 0.27999999999999958
		}
	],
	"version_major" : 1,
	"version_minor" : 0
}