{
	"class_name" : "ViewTrajectory",
	"interval" : 29,
	"is_loop" : false,
	"trajectory" : 
	[
		{
			"boundingbox_max" : [ 45.008176642550147, 17.829727664969326, 5.4540604365964986 ],
			"boundingbox_min" : [ 35.89390765715337, 11.812243421948038, -2.1908583156422514 ],
			"field_of_view" : 25.0,
			"front" : [ -0.25341523143231476, -0.94454102250269667, -0.20886114355635138 ],
			"lookat" : [ 40.451042149851759, 14.820985543458683, 1.6316010604771236 ],
			"up" : [ -0.45902556231041636, -0.072640257411898487, 0.88544843223574521 ],
			"zoom" : 0.71999999999999997
		}
	],
	"version_major" : 1,
	"version_minor" : 0
}