{
	"class_name" : "ViewTrajectory",
	"interval" : 29,
	"is_loop" : false,
	"trajectory" : 
	[
		{
			"boundingbox_max" : [ 63.636856079101562, 36.650096893310547, 38.533363342285156 ],
			"boundingbox_min" : [ -6.1343708038330078, 5.9874696731567383, -18.551794052124023 ],
			"field_of_view" : 20.0,
			"front" : [ 0.019801061722425337, -0.87089850439316219, 0.49106385837324479 ],
			"lookat" : [ 18.859475952671126, 11.731517417354782, -5.2279852187469391 ],
			"up" : [ -0.03134814582381612, 0.49037786637050718, 0.870945946616274 ],
			"zoom" : 0.35999999999999965
		}
	],
	"version_major" : 1,
	"version_minor" : 0
}

{
	"class_name" : "ViewTrajectory",
	"interval" : 29,
	"is_loop" : false,
	"trajectory" : 
	[
		{
			"boundingbox_max" : [ 63.636856079101562, 36.650096893310547, 38.533363342285156 ],
			"boundingbox_min" : [ -6.1343708038330078, 5.9874696731567383, -18.551794052124023 ],
			"field_of_view" : 20.0,
			"front" : [ -0.049951783676590922, -0.96592860804451708, 0.25394240187237138 ],
			"lookat" : [ 16.176398866435957, 7.2134858255438115, -13.561502558734935 ],
			"up" : [ -0.090156456127273049, 0.25758269011231527, 0.96204104443265526 ],
			"zoom" : 0.35999999999999965
		}
	],
	"version_major" : 1,
	"version_minor" : 0
}

{
	"class_name" : "ViewTrajectory",
	"interval" : 29,
	"is_loop" : false,
	"trajectory" : 
	[
		{
			"boundingbox_max" : [ 6.2764110565185547, 21.736991882324219, 24.589424133300781 ],
			"boundingbox_min" : [ -52.828895568847656, 6.4661579132080078, -24.505578994750977 ],
			"field_of_view" : 30.0,
			"front" : [ -0.12036489877340519, 0.99028497498385504, 0.069627289653509228 ],
			"lookat" : [ -21.137330654324014, 15.099469541005295, 2.8209343800924311 ],
			"up" : [ 0.16741030673409524, -0.048884816036919874, 0.98467459800699275 ],
			"zoom" : 0.37999999999999967
		}
	],
	"version_major" : 1,
	"version_minor" : 0
}